CNPJ,Cod_Cliente1,Regiao,T.O. 25kg,T.O. 50kg,Est. 40kg,Est. 50kg,códigos analisados
'1644548',VC-A PARNAIBA PIAUI','18035092000100',1,1,0,0,"CÓDIGO: 6187345, CÓDIGO: 6111677"
'1638719',VC-ADAMANTINA','43454978000136',1,2,0,1,"CÓDIGO: 6054172, CÓDIGO: 6111677, CÓDIGO: 6054180, CÓDIGO: 6135552"
'1364275',VC-AFONSO CLAUDIO','14209372000137',0,2,0,1,"CÓDIGO: 6187066, CÓDIGO: 6111677, CÓDIGO: 6162599"
'1647091',VC-AGLOM URB S LUIS','26917795000190',1,1,0,0,"CÓDIGO: 6187345, CÓDIGO: 6111677"
'1486227',VC-AGRESTE ITABAIAN','16698944000114',1,2,0,0,"CÓDIGO: 6161835, CÓDIGO: 6111677, CÓDIGO: 6054178"
'1637190',VC-AGRESTE LAGARTO','34375501000174',1,2,0,0,"CÓDIGO: 6161835, CÓDIGO: 6111677, CÓDIGO: 6054178"
'1451621',VC-AL MEARIM GRAJAU','28028044000149',0,2,0,0,"CÓDIGO: 6111677, CÓDIGO: 6054178"
'1630170',VC-ALAGOA S S FRANC','03611536000131',1,2,0,0,"CÓDIGO: 6161835, CÓDIGO: 6111677, CÓDIGO: 6054178"
'1646071',VC-ALAGOINHAS','42324800000108',1,2,0,0,"CÓDIGO: 6161835, CÓDIGO: 6111677, CÓDIGO: 6054178"
'1613263',VC-ALEGRE','41807285000154',0,2,0,1,"CÓDIGO: 6187066, CÓDIGO: 6111677, CÓDIGO: 6162599"
'1559368',VC-ALFENAS','11739079000193',1,2,0,0,"CÓDIGO: 6172139, CÓDIGO: 6165750, CÓDIGO: 6111677"
'1617866',VC-ALTA FLORESTA','75911438001798',1,2,0,1,"CÓDIGO: 6054184, CÓDIGO: 6165750, CÓDIGO: 6111677, CÓDIGO: 6132938"
'1642137',VC-ALTAMIRA','29669089000165',1,2,0,1,"CÓDIGO: 6054184, CÓDIGO: 6165750, CÓDIGO: 6111677, CÓDIGO: 6132938"
'1227632',VC-ALTO ARAGUAIA','11471607000176',1,2,0,1,"CÓDIGO: 6054184, CÓDIGO: 6054187, CÓDIGO: 6111677, CÓDIGO: 6132938"
'1635768',VC-ALTO CAPIBARIBE','31343975000146',1,3,0,0,"CÓDIGO: 6161835, CÓDIGO: 6054188, CÓDIGO: 6111677, CÓDIGO: 6054178"
'1629206',VC-ALTO GUAPORE','24690555000170',1,2,0,1,"CÓDIGO: 6054184, CÓDIGO: 6054187, CÓDIGO: 6111677, CÓDIGO: 6132938"
'1068563',VC-ALTO M GURGUEIA','23646870000219',2,2,0,0,"CÓDIGO: 6161835, CÓDIGO: 6187345, CÓDIGO: 6111677, CÓDIGO: 6054178"
'1636636',VC-ALTO ME CANINDE','43956043000158',2,2,0,0,"CÓDIGO: 6161835, CÓDIGO: 6187345, CÓDIGO: 6111677, CÓDIGO: 6054178"
'1537738',VC-ALTO PANTANAL','07192090000109',1,2,0,1,"CÓDIGO: 6054184, CÓDIGO: 6054187, CÓDIGO: 6111677, CÓDIGO: 6132938"
'1062344',VC-ALTO PARAGUAI','07398863000108',1,2,0,1,"CÓDIGO: 6054184, CÓDIGO: 6165750, CÓDIGO: 6111677, CÓDIGO: 6132938"
'1624652',VC-ALTO SOLIMOES','43170152000145',0,4,0,1,"CÓDIGO: 6180473, CÓDIGO: 8020791, CÓDIGO: 6111677, CÓDIGO: 6187022, CÓDIGO: 8018790"
'1553110',VC-ALTO TAQUARI','28787311000161',1,4,0,0,"CÓDIGO: 6054184, CÓDIGO: 6054157, CÓDIGO: 6054187, CÓDIGO: 6165750, CÓDIGO: 6111677"
'1650466',VC-ALTO TELES PIRES','22782709000129',1,3,0,1,"CÓDIGO: 6054184, CÓDIGO: 6054187, CÓDIGO: 6165750, CÓDIGO: 6111677, CÓDIGO: 6132938"
'1647595',VC-ALVORADA DOESTE','44510313000165',1,2,0,0,"CÓDIGO: 6054184, CÓDIGO: 6165750, CÓDIGO: 6111677"
'1631861',VC-AMPARO','31388164000161',1,3,0,1,"CÓDIGO: 6054172, CÓDIGO: 6165750, CÓDIGO: 6111677, CÓDIGO: 6054180, CÓDIGO: 6135552"
'1484877',VC-ANAPOLIS','10816406000109',1,2,0,0,"CÓDIGO: 6172311, CÓDIGO: 6135560, CÓDIGO: 6111677"
'1638616',VC-ANDRADINA','41777553000213',1,2,0,0,"CÓDIGO: 6172139, CÓDIGO: 6165750, CÓDIGO: 6111677"
'1604406',VC-ANDRELANDIA','17851981000930',0,2,0,0,"CÓDIGO: 6165750, CÓDIGO: 6111677"
'1629762',VC-ANICUNS','26682610000106',0,2,0,1,"CÓDIGO: 6135560, CÓDIGO: 6111677, CÓDIGO: 6135561"
'1632515',VC-APUCARANA','81689416000160',1,2,0,0,"CÓDIGO: 6054186, CÓDIGO: 6111677, CÓDIGO: 6054190"
'1539580',VC-AQUIDAUANA','20147696000190',0,3,0,0,"CÓDIGO: 6054157, CÓDIGO: 6054187, CÓDIGO: 6111677"
'1644122',VC-ARACAJU','30312192000132',1,2,0,0,"CÓDIGO: 6161835, CÓDIGO: 6111677, CÓDIGO: 6054178"
'1608380',VC-ARACATUBA','15913547000155',1,2,0,0,"CÓDIGO: 6172139, CÓDIGO: 6165750, CÓDIGO: 6111677"
'1525355',VC-ARAGARCAS','30829079000129',0,2,0,0,"CÓDIGO: 6135560, CÓDIGO: 6111677"
'1145399',VC-ARAPIRACA','01554921000169',1,2,0,0,"CÓDIGO: 6161835, CÓDIGO: 6111677, CÓDIGO: 6054178"
'1637316',VC-ARARANGUA','42237414000189',1,2,0,0,"CÓDIGO: 6054186, CÓDIGO: 6111677, CÓDIGO: 6054205"
'1644927',VC-ARARAQUARA','11221006000105',1,2,0,0,"CÓDIGO: 6172139, CÓDIGO: 6165750, CÓDIGO: 6111677"
'1640197',VC-ARARI','40827146000120',0,2,0,0,"CÓDIGO: 6111677, CÓDIGO: 6054178"
'1643905',VC-ARARIPINA','40729885000189',1,2,0,0,"CÓDIGO: 6161835, CÓDIGO: 6111677, CÓDIGO: 6054178"
'1616814',VC-ARAXA','41197926000104',0,2,0,0,"CÓDIGO: 6165750, CÓDIGO: 6111677"
'1624162',VC-ARINOS','13858125000107',1,2,0,1,"CÓDIGO: 6054184, CÓDIGO: 6165750, CÓDIGO: 6111677, CÓDIGO: 6132938"
'1635917',VC-ARIPUANA','42973946000184',1,3,0,1,"CÓDIGO: 6054184, CÓDIGO: 6054187, CÓDIGO: 6165750, CÓDIGO: 6111677, CÓDIGO: 6132938"
'1620843',VC-ARIQUEMES','35421080000133',1,3,0,1,"CÓDIGO: 6054184, CÓDIGO: 6120895, CÓDIGO: 6165750, CÓDIGO: 6111677, CÓDIGO: 6132938"
'1636480',VC-ASSAI','19857136000140',1,2,0,0,"CÓDIGO: 6054186, CÓDIGO: 6111677, CÓDIGO: 6054190"
'1586287',VC-ASSIS','39473933000131',2,3,0,0,"CÓDIGO: 6054172, CÓDIGO: 6054186, CÓDIGO: 6111677, CÓDIGO: 6054190, CÓDIGO: 6054180"
'1642740',VC-ASTORGA','40601070000110',1,2,0,0,"CÓDIGO: 6054186, CÓDIGO: 6111677, CÓDIGO: 6054190"
'1061032',VC-AURIFLAMA','63971048000167',1,2,0,0,"CÓDIGO: 6172139, CÓDIGO: 6165750, CÓDIGO: 6111677"
'1177565',VC-AVARE','68038132000146',1,4,0,1,"CÓDIGO: 6054172, CÓDIGO: 6165750, CÓDIGO: 6111677, CÓDIGO: 6054190, CÓDIGO: 6054180, CÓDIGO: 6135552"
'1610355',VC-BACIA D SAO JOAO','36947436000130',0,2,0,1,"CÓDIGO: 6187066, CÓDIGO: 6111677, CÓDIGO: 6162599"
'1576274',VC-BAIA ILHA GRANDE','33344202000100',2,2,0,1,"CÓDIGO: 6187067, CÓDIGO: 6112143, CÓDIGO: 6187066, CÓDIGO: 6111677, CÓDIGO: 6162599"
'1576022',VC-BAIXA MARANHENSE','21461245000196',1,2,0,0,"CÓDIGO: 6187345, CÓDIGO: 6111677, CÓDIGO: 6054178"
'1614317',VC-BAIXO COTINGUIBA','37290614000165',1,2,0,0,"CÓDIGO: 6161835, CÓDIGO: 6111677, CÓDIGO: 6054178"
'1610274',VC-BAIXO CURU','42027756000174',1,2,0,0,"CÓDIGO: 6187345, CÓDIGO: 6111677, CÓDIGO: 6185568"
'1508720',VC-BAIXO JAGUARIBE','22042300000176',1,1,0,0,"CÓDIGO: 6187345, CÓDIGO: 6111677"
'1527674',VC-BAIXO PANTANAL','31797656000100',0,3,0,0,"CÓDIGO: 6054157, CÓDIGO: 6054187, CÓDIGO: 6111677"
'1633408',VC-BARRA','35015487000160',1,3,0,0,"CÓDIGO: 6161835, CÓDIGO: 6135560, CÓDIGO: 6111677, CÓDIGO: 6054178"
'1276001',VC-BARRA DO PIRAI','14232750000101',1,2,0,1,"CÓDIGO: 6187067, CÓDIGO: 6187066, CÓDIGO: 6111677, CÓDIGO: 6162599"
'1440980',VC-BARRA S FRANCISC','27984806000118',0,2,0,0,"CÓDIGO: 6187066, CÓDIGO: 6111677"
'1648434',VC-BARREIRAS','16956269000186',0,4,0,3,"CÓDIGO: 6135560, CÓDIGO: 8020800, CÓDIGO: 6111677, CÓDIGO: 6054178, CÓDIGO: 8018790, CÓDIGO: 6132939, CÓDIGO: 8020801"
'1645749',VC-BARRETOS','31061676000119',1,2,0,0,"CÓDIGO: 6172139, CÓDIGO: 6165750, CÓDIGO: 6111677"
'1622535',VC-BARRO','43021285000150',2,2,0,0,"CÓDIGO: 6161835, CÓDIGO: 6187345, CÓDIGO: 6111677, CÓDIGO: 6054178"
'1602680',VC-BATALHA','12316402000189',1,2,0,0,"CÓDIGO: 6161835, CÓDIGO: 6111677, CÓDIGO: 6054178"
'1229898',VC-BATATAIS','01980824000138',1,2,0,0,"CÓDIGO: 6172139, CÓDIGO: 6165750, CÓDIGO: 6111677"
'1629222',VC-BATURITE','34407818000145',1,1,0,0,"CÓDIGO: 6187345, CÓDIGO: 6111677"
'1593534',VC-BAURU','31526548000101',1,2,0,1,"CÓDIGO: 6054172, CÓDIGO: 6111677, CÓDIGO: 6054180, CÓDIGO: 6135552"
'1631739',VC-BELEM','41317962000156',0,2,0,0,"CÓDIGO: 6111677, CÓDIGO: 6054178"
'1590259',VC-BERTOLINIA','37397972000171',1,1,0,0,"CÓDIGO: 6187345, CÓDIGO: 6111677"
'1343912',VC-BICO DO PAPAGAIO','08836171000167',0,2,0,0,"CÓDIGO: 6111677, CÓDIGO: 6054158"
'1644704',VC-BIRIGUI','34132062000179',1,2,0,0,"CÓDIGO: 6172139, CÓDIGO: 6165750, CÓDIGO: 6111677"
'1640975',VC-BLUMENAU','30808688000100',1,3,0,0,"CÓDIGO: 6054186, CÓDIGO: 6111677, CÓDIGO: 6054190, CÓDIGO: 6054205"
'1503323',VC-BOA VISTA','03047054000109',0,2,0,0,"CÓDIGO: 8020791, CÓDIGO: 6111677"
'1455386',VC-BODOQUENA','09225584000178',0,4,0,0,"CÓDIGO: 6054157, CÓDIGO: 6054187, CÓDIGO: 6165750, CÓDIGO: 6111677"
'1526028',VC-BOM JESUS D LAPA','22491677000102',1,3,0,0,"CÓDIGO: 6161835, CÓDIGO: 6135560, CÓDIGO: 6111677, CÓDIGO: 6054178"
'1627054',VC-BOQUIM','42811371000101',1,2,0,0,"CÓDIGO: 6161835, CÓDIGO: 6111677, CÓDIGO: 6054178"
'1627054',VC-BOQUIRA','42811371000101',1,2,0,0,"CÓDIGO: 6161835, CÓDIGO: 6111677, CÓDIGO: 6054178"
'1637972',VC-BOTUCATU','15098680000103',1,2,0,1,"CÓDIGO: 6054172, CÓDIGO: 6111677, CÓDIGO: 6054180, CÓDIGO: 6135552"
'1614233',VC-BRAGANCA PAULIST','22748697000116',1,3,0,0,"CÓDIGO: 6054172, CÓDIGO: 6165750, CÓDIGO: 6111677, CÓDIGO: 6054180"
'1575975',VC-BRAGANTINA','36824749000109',0,2,0,0,"CÓDIGO: 6111677, CÓDIGO: 6054178"
'1226283',VC-BRASILEIA','04594370000155',0,2,0,0,"CÓDIGO: 6120895, CÓDIGO: 6111677"
'1633651',VC-BRASILIA','16010431009478',1,2,0,1,"CÓDIGO: 6172311, CÓDIGO: 6135560, CÓDIGO: 6111677, CÓDIGO: 6132939"
'1597994',VC-BREJO PARAIBANO','34303692000240',0,2,0,0,"CÓDIGO: 6054188, CÓDIGO: 6111677"
'1648170',VC-BREJO PERNAMBU','10658502000168',1,3,0,0,"CÓDIGO: 6161835, CÓDIGO: 6054188, CÓDIGO: 6111677, CÓDIGO: 6054178"
'1622748',VC-BREJO SANTO','09017714000268',1,2,0,0,"CÓDIGO: 6161835, CÓDIGO: 6111677, CÓDIGO: 6054178"
'1629028',VC-BRUMADO','39319288000105',1,2,0,0,"CÓDIGO: 6161835, CÓDIGO: 6111677, CÓDIGO: 6054178"
'1621945',VC-BX PARNAIB PIAUI','21262125000160',1,1,0,0,"CÓDIGO: 6187345, CÓDIGO: 6111677"
'1540574',VC-BXO PARNAI MARAN','15409819000184',1,1,0,0,"CÓDIGO: 6187345, CÓDIGO: 6111677"
'1561651',VC-CACHOEIRA DO SUL','87755799000538',0,2,0,0,"CÓDIGO: 6111677, CÓDIGO: 6054205"
'1633344',VC-CACHOEIRO ITAPEM','44040197000168',0,2,0,1,"CÓDIGO: 6187066, CÓDIGO: 6111677, CÓDIGO: 6162599"
'1559712',VC-CACOAL','34375501000174',1,4,0,1,"CÓDIGO: 6054184, CÓDIGO: 6054187, CÓDIGO: 6120895, CÓDIGO: 6165750, CÓDIGO: 6111677, CÓDIGO: 6132938"
'1487078',VC-CAJAZEIRAS','08599788000106',0,2,0,0,"CÓDIGO: 6054188, CÓDIGO: 6111677"
'1621370',VC-CAMAQUA','42790975000100',1,2,0,0,"CÓDIGO: 6054204, CÓDIGO: 6111677, CÓDIGO: 6054205"
'1617856',VC-CAMETA','40858535000112',0,2,0,0,"CÓDIGO: 6111677, CÓDIGO: 6054178"
'1629205',VC-CAMPANHA CENTRAL','22875979000184',1,2,0,0,"CÓDIGO: 6054204, CÓDIGO: 6111677, CÓDIGO: 6054205"
'1649348',VC-CAMPANHA MERIDION','45586183000107',1,2,0,0,"CÓDIGO: 6054204, CÓDIGO: 6111677, CÓDIGO: 6054205"
'1635653',VC-CAMPANHA OCIDENT','96418264053330',1,2,0,0,"CÓDIGO: 6054204, CÓDIGO: 6111677, CÓDIGO: 6054205"
'1591042',VC-CAMPINA GRANDE','26814649000130',1,2,0,0,"CÓDIGO: 6161835, CÓDIGO: 6054188, CÓDIGO: 6111677"
'1615189',VC-CAMPINAS','40422956000104',1,3,0,0,"CÓDIGO: 6054172, CÓDIGO: 6165750, CÓDIGO: 6111677, CÓDIGO: 6054180"
'1647196',VC-CAMPO GRANDE','40719741000141',0,5,0,0,"CÓDIGO: 6054157, CÓDIGO: 6054187, CÓDIGO: 6165750, CÓDIGO: 6111677, CÓDIGO: 6054190"
'1643238',VC-CAMPO MAIOR','27537410000122',1,1,0,1,"CÓDIGO: 6187345, CÓDIGO: 6111677, CÓDIGO: 6160545"
'1623560',VC-CAMPO MOURAO','38453857000130',1,2,0,0,"CÓDIGO: 6054186, CÓDIGO: 6111677, CÓDIGO: 6054190"
'1350645',VC-CAMPOS DE LAGES','82977125000130',1,3,0,0,"CÓDIGO: 6054186, CÓDIGO: 6111677, CÓDIGO: 6054190, CÓDIGO: 6054205"
'1634440',VC-CAMPOS DO JORDAO','17135985000165',1,2,0,1,"CÓDIGO: 6054172, CÓDIGO: 6111677, CÓDIGO: 6054180, CÓDIGO: 6135552"
'1547813',VC-CAMPOS GOYTACAZE','12240556000134',0,2,0,1,"CÓDIGO: 6187066, CÓDIGO: 6111677, CÓDIGO: 6162599"
'1627497',VC-CANARANA','28302504000185',1,3,0,1,"CÓDIGO: 6054184, CÓDIGO: 6135560, CÓDIGO: 6054187, CÓDIGO: 6111677, CÓDIGO: 6132938"
'1644923',VC-CANINDE','26669235000164',1,1,0,0,"CÓDIGO: 6187345, CÓDIGO: 6111677"
'1641887',VC-CANOINHAS','27723924000172',1,3,0,0,"CÓDIGO: 6054186, CÓDIGO: 6111677, CÓDIGO: 6054190, CÓDIGO: 6054205"
'1526321',VC-CANTAGALO-CORDEI','10916445000170',1,2,0,0,"CÓDIGO: 6112143, CÓDIGO: 6187066, CÓDIGO: 6111677"
'1649098',VC-CAPANEMA','23903344000106',1,2,0,0,"CÓDIGO: 6054186, CÓDIGO: 6111677, CÓDIGO: 6054190"
'1464082',VC-CAPAO BONITO','15392273000104',1,3,0,1,"CÓDIGO: 6054172, CÓDIGO: 6111677, CÓDIGO: 6054190, CÓDIGO: 6054180, CÓDIGO: 6135552"
'1623099',VC-CARAGUATATUBA','32546842000130',1,3,0,1,"CÓDIGO: 6054172, CÓDIGO: 6187066, CÓDIGO: 6111677, CÓDIGO: 6054180, CÓDIGO: 6135552"
'1627844',VC-CARAZINHO','37543920000166',1,3,0,0,"CÓDIGO: 6054186, CÓDIGO: 6111677, CÓDIGO: 6054190, CÓDIGO: 6054205"
'1638413',VC-CARIRA','43332781000124',1,2,0,0,"CÓDIGO: 6161835, CÓDIGO: 6111677, CÓDIGO: 6054178"
'1616685',VC-CARIRI','42351139000120',2,2,0,0,"CÓDIGO: 6161835, CÓDIGO: 6187345, CÓDIGO: 6111677, CÓDIGO: 6054178"
'1622440',VC-CARIRI OCIDENTAL','33040368000132',0,2,0,0,"CÓDIGO: 6054188, CÓDIGO: 6111677"
'1530783',VC-CARIRIACU','26812657000147',1,1,0,0,"CÓDIGO: 6161835, CÓDIGO: 6111677"
'1123132',VC-CASCAVEL (CE)','08333729000191',1,1,0,0,"CÓDIGO: 6187345, CÓDIGO: 6111677"
'1202683',VC-CASCAVEL (PR)','05131251000129',1,2,0,0,"CÓDIGO: 6054186, CÓDIGO: 6111677, CÓDIGO: 6054190"
'1647210',VC-CASSILANDIA','87035176004820',0,2,0,0,"CÓDIGO: 6165750, CÓDIGO: 6111677"
'1631331',VC-CASTANHAL','43607893000140',0,2,0,0,"CÓDIGO: 6111677, CÓDIGO: 6054178"
'1620942',VC-CATAGUASES','20671364000100',0,2,0,1,"CÓDIGO: 6187066, CÓDIGO: 6111677, CÓDIGO: 6162599"
'1642863',VC-CATALAO','17167429000170',0,2,0,1,"CÓDIGO: 6135560, CÓDIGO: 6111677, CÓDIGO: 6135561"
'1615969',VC-CATANDUVA','41156642000161',1,2,0,0,"CÓDIGO: 6172139, CÓDIGO: 6165750, CÓDIGO: 6111677"
'1615969',VC-CATOLE DO ROCHA','41156642000161',1,2,0,0,"CÓDIGO: 6172139, CÓDIGO: 6165750, CÓDIGO: 6111677"
'1374326',VC-CATU','19828845000106',1,2,0,0,"CÓDIGO: 6161835, CÓDIGO: 6111677, CÓDIGO: 6054178"
'1631868',VC-CAXIAS','28959380000105',1,1,0,1,"CÓDIGO: 6187345, CÓDIGO: 6111677, CÓDIGO: 6160545"
'1630724',VC-CAXIAS DO SUL','31629288000191',1,2,0,0,"CÓDIGO: 6054204, CÓDIGO: 6111677, CÓDIGO: 6054205"
'1640082',VC-CERES','26513386000129',1,2,0,0,"CÓDIGO: 6172311, CÓDIGO: 6135560, CÓDIGO: 6111677"
'1052639',VC-CERRO AZUL','97419683000158',0,2,0,0,"CÓDIGO: 6111677, CÓDIGO: 6054190"
'1617785',VC-CERRO LARGO','97081434001096',1,3,0,0,"CÓDIGO: 6054204, CÓDIGO: 6111677, CÓDIGO: 6054190, CÓDIGO: 6054205"
'1620811',VC-CHAPA EXT S PIAU','29170312000125',1,1,0,0,"CÓDIGO: 6187345, CÓDIGO: 6111677"
'1554687',VC-CHAPAD A ITAPECU','14581044000167',0,1,0,0,CÓDIGO: 6111677
'1632241',VC-CHAPADA ARARIPE','31513619000123',2,2,0,0,"CÓDIGO: 6161835, CÓDIGO: 6187345, CÓDIGO: 6111677, CÓDIGO: 6054178"
'1506005',VC-CHAPADA DO APODI','10770571000169',1,1,0,0,"CÓDIGO: 6187345, CÓDIGO: 6111677"
'1544214',VC-CHAPADA VEADEIRO','26159015000190',0,2,0,1,"CÓDIGO: 6135560, CÓDIGO: 6111677, CÓDIGO: 6132939"
'1624116',VC-CHAPADINHA','14099243000133',1,1,0,1,"CÓDIGO: 6187345, CÓDIGO: 6111677, CÓDIGO: 6160545"
'1635774',VC-CHAPECO','33712984000192',1,3,0,0,"CÓDIGO: 6054186, CÓDIGO: 6111677, CÓDIGO: 6054190, CÓDIGO: 6054205"
'1412322',VC-CHOROZINHO','13545808000520',1,1,0,0,"CÓDIGO: 6187345, CÓDIGO: 6111677"
'1384969',VC-CIANORTE','10329953000151',1,2,0,0,"CÓDIGO: 6054186, CÓDIGO: 6111677, CÓDIGO: 6054190"
'1434524',VC-COARI','08620504000116',0,2,0,1,"CÓDIGO: 8020791, CÓDIGO: 6111677, CÓDIGO: 8018790"
'1620412',VC-CODO','40625418000109',1,1,0,0,"CÓDIGO: 6187345, CÓDIGO: 6111677"
'1620412',VC-COELHO NETO','40625418000109',1,1,0,0,"CÓDIGO: 6187345, CÓDIGO: 6111677"
'1490132',VC-COLATINA','11122045000155',0,2,0,0,"CÓDIGO: 6187066, CÓDIGO: 6111677"
'1588747',VC-COLIDER','31913670000122',1,2,0,1,"CÓDIGO: 6054184, CÓDIGO: 6165750, CÓDIGO: 6111677, CÓDIGO: 6132938"
'1623303',VC-COLORADO D OE','35421080000133',1,2,0,0,"CÓDIGO: 6054184, CÓDIGO: 6165750, CÓDIGO: 6111677"
'1514602',VC-CONCEICAO ARAGUA','59225698001168',0,1,0,1,"CÓDIGO: 6111677, CÓDIGO: 6160545"
'1624090',VC-CONCORDIA','42078866000165',1,3,0,0,"CÓDIGO: 6054186, CÓDIGO: 6111677, CÓDIGO: 6054190, CÓDIGO: 6054205"
'1539484',VC-COREAU','28195043000199',1,1,0,0,"CÓDIGO: 6187345, CÓDIGO: 6111677"
'1626333',VC-CORNELIO PROCOPI','28033904000132',1,3,0,0,"CÓDIGO: 6054186, CÓDIGO: 6111677, CÓDIGO: 6054190, CÓDIGO: 6054180"
'1646930',VC-COTEGIPE','43025562000100',0,4,0,1,"CÓDIGO: 6135560, CÓDIGO: 8020800, CÓDIGO: 6111677, CÓDIGO: 6054178, CÓDIGO: 8018790"
'1643135',VC-COTINGUIBA','40479861000119',1,2,0,0,"CÓDIGO: 6161835, CÓDIGO: 6111677, CÓDIGO: 6054178"
'1648106',VC-CRICIUMA','78739158000175',1,2,0,0,"CÓDIGO: 6054186, CÓDIGO: 6111677, CÓDIGO: 6054205"
'1617231',VC-CRUZ ALTA','38144065000183',2,3,0,0,"CÓDIGO: 6054186, CÓDIGO: 6054204, CÓDIGO: 6111677, CÓDIGO: 6054190, CÓDIGO: 6054205"
'1608133',VC-CRUZEIRO DO SUL','59225698001320',0,2,0,0,"CÓDIGO: 6120895, CÓDIGO: 6111677"
'1582290',VC-CUIABA','37806325000176',1,3,0,1,"CÓDIGO: 6054184, CÓDIGO: 6054187, CÓDIGO: 6165750, CÓDIGO: 6111677, CÓDIGO: 6132938"
'1559338',VC-CURIMATAU OCIDEN','30973961000305',0,2,0,0,"CÓDIGO: 6054188, CÓDIGO: 6111677"
'1593861',VC-CURIMATAU ORIENT','29045666000148',0,2,0,0,"CÓDIGO: 6054188, CÓDIGO: 6111677"
'1622257',VC-CURITIBA','34612970000160',1,2,0,0,"CÓDIGO: 6054186, CÓDIGO: 6111677, CÓDIGO: 6054190"
'1549424',VC-CURITIBANOS','89426415000135',1,3,0,0,"CÓDIGO: 6054186, CÓDIGO: 6111677, CÓDIGO: 6054190, CÓDIGO: 6054205"
'1646356',VC-DIANOPOLIS','41151473000177',0,3,0,1,"CÓDIGO: 6135560, CÓDIGO: 6111677, CÓDIGO: 6054178, CÓDIGO: 6132939"
'1631087',VC-DOURADOS','29733834000198',0,5,0,0,"CÓDIGO: 6054157, CÓDIGO: 6054187, CÓDIGO: 6165750, CÓDIGO: 6111677, CÓDIGO: 6054190"
'1636184',VC-DRACENA','96418264055111',1,2,0,1,"CÓDIGO: 6054172, CÓDIGO: 6111677, CÓDIGO: 6054180, CÓDIGO: 6135552"
'1633501',VC-ENTORNO BRASILIA','28337300000180',1,2,0,2,"CÓDIGO: 6172311, CÓDIGO: 6135560, CÓDIGO: 6111677, CÓDIGO: 6135561, CÓDIGO: 6132939"
'1628420',VC-ENTRE RIOS','35024258000102',1,2,0,0,"CÓDIGO: 6161835, CÓDIGO: 6111677, CÓDIGO: 6054178"
'1541788',VC-ERECHIM','26520391000169',1,3,0,0,"CÓDIGO: 6054186, CÓDIGO: 6111677, CÓDIGO: 6054190, CÓDIGO: 6054205"
'1633614',VC-ESPERANCA','41607475000128',0,2,0,0,"CÓDIGO: 6054188, CÓDIGO: 6111677"
'1639331',VC-ESTANCIA','12381472000110',1,2,0,0,"CÓDIGO: 6161835, CÓDIGO: 6111677, CÓDIGO: 6054178"
'1613973',VC-EUCLIDES D CUNHA','35474191000108',1,2,0,0,"CÓDIGO: 6161835, CÓDIGO: 6111677, CÓDIGO: 6054178"
'1547545',VC-FAXINAL','17450976000169',1,2,0,0,"CÓDIGO: 6054186, CÓDIGO: 6111677, CÓDIGO: 6054190"
'1159085',VC-FEIRA DE SANTANA','03919431000144',1,2,0,0,"CÓDIGO: 6161835, CÓDIGO: 6111677, CÓDIGO: 6054178"
'1598597',VC-FERNANDOPOLIS','27772180000186',1,2,0,0,"CÓDIGO: 6172139, CÓDIGO: 6165750, CÓDIGO: 6111677"
'1512506',VC-FLORAI','76726884000390',1,2,0,0,"CÓDIGO: 6054186, CÓDIGO: 6111677, CÓDIGO: 6054190"
'1643088',VC-FLORIANO','37583009000182',1,1,0,0,"CÓDIGO: 6187345, CÓDIGO: 6111677"
'1637636',VC-FLORIANOPOLIS','43945659000123',1,3,0,0,"CÓDIGO: 6054186, CÓDIGO: 6111677, CÓDIGO: 6054190, CÓDIGO: 6054205"
'1631176',VC-FORTALEZA','38082792000163',1,2,0,0,"CÓDIGO: 6187345, CÓDIGO: 6111677, CÓDIGO: 6185568"
'1072414',VC-FOZ DO IGUACU','02810894000100',1,2,0,0,"CÓDIGO: 6054186, CÓDIGO: 6111677, CÓDIGO: 6054190"
'1336380',VC-FRANCA','17534831000146',1,2,0,0,"CÓDIGO: 6172139, CÓDIGO: 6165750, CÓDIGO: 6111677"
'1637597',VC-FRANCISC BELTRAO','31175899000107',1,3,0,0,"CÓDIGO: 6054186, CÓDIGO: 6111677, CÓDIGO: 6054190, CÓDIGO: 6054205"
'1607686',VC-FRANCO DA ROCHA','37719310000170',1,2,0,1,"CÓDIGO: 6054172, CÓDIGO: 6111677, CÓDIGO: 6054180, CÓDIGO: 6135552"
'1648971',VC-FREDE WESTPHALEN','26142684000150',1,3,0,0,"CÓDIGO: 6054186, CÓDIGO: 6111677, CÓDIGO: 6054190, CÓDIGO: 6054205"
'1625375',VC-FRUTAL','02492287000140',1,2,0,0,"CÓDIGO: 6172139, CÓDIGO: 6165750, CÓDIGO: 6111677"
'1619427',VC-FUROS DE BREVES','20477015000152',0,2,0,0,"CÓDIGO: 6111677, CÓDIGO: 6054178"
'1632900',VC-GARANHUNS','35503758000127',1,3,0,0,"CÓDIGO: 6161835, CÓDIGO: 6054188, CÓDIGO: 6111677, CÓDIGO: 6054178"
'1641754',VC-GERAIS DE BALSAS','11162624000474',0,3,0,0,"CÓDIGO: 6135560, CÓDIGO: 6111677, CÓDIGO: 6054178"
'1560751',VC-GOIANIA','29170103000181',1,2,0,2,"CÓDIGO: 6172311, CÓDIGO: 6135560, CÓDIGO: 6111677, CÓDIGO: 6135561, CÓDIGO: 6132939"
'1579390',VC-GOIOERE','35078798000250',1,2,0,0,"CÓDIGO: 6054186, CÓDIGO: 6111677, CÓDIGO: 6054190"
'1520485',VC-GRAMADO-CANELA','30183192000180',1,2,0,0,"CÓDIGO: 6054204, CÓDIGO: 6111677, CÓDIGO: 6054205"
'1631234',VC-GUAJARA-MIRIM','39980148000175',0,2,0,0,"CÓDIGO: 6120895, CÓDIGO: 6111677"
'1628165',VC-GUAMA','43610545000122',0,2,0,0,"CÓDIGO: 6111677, CÓDIGO: 6054178"
'1465085',VC-GUAPORE','87863239000173',1,2,0,0,"CÓDIGO: 6054204, CÓDIGO: 6111677, CÓDIGO: 6054205"
'1558755',VC-GUARABIRA','07522017000158',0,2,0,0,"CÓDIGO: 6054188, CÓDIGO: 6111677"
'1511034',VC-GUARAPARI','31289099000117',0,2,0,1,"CÓDIGO: 6187066, CÓDIGO: 6111677, CÓDIGO: 6162599"
'1636861',VC-GUARAPUAVA','42708639000176',1,2,0,0,"CÓDIGO: 6054186, CÓDIGO: 6111677, CÓDIGO: 6054190"
'1631425',VC-GUARATINGUETA','43235050000160',1,3,0,1,"CÓDIGO: 6054172, CÓDIGO: 6187066, CÓDIGO: 6111677, CÓDIGO: 6054180, CÓDIGO: 6135552"
'1097614',VC-GUARULHOS','08488107000132',1,3,0,1,"CÓDIGO: 6054172, CÓDIGO: 6187066, CÓDIGO: 6111677, CÓDIGO: 6054180, CÓDIGO: 6135552"
'1630008',VC-GURUPI (MA)','14635802000182',0,2,0,0,"CÓDIGO: 6111677, CÓDIGO: 6054178"
'1650120',VC-GURUPI (TO)','20350824000107',0,3,0,1,"CÓDIGO: 6135560, CÓDIGO: 6111677, CÓDIGO: 6054178, CÓDIGO: 6132939"
'1612447',VC-IBAITI','57632705000149',0,3,0,0,"CÓDIGO: 6111677, CÓDIGO: 6054190, CÓDIGO: 6054180"
'1646039',VC-IBIAPABA','07516997000267',1,1,0,0,"CÓDIGO: 6187345, CÓDIGO: 6111677"
'1534257',VC-IGUATEMI','17344242000103',0,3,0,0,"CÓDIGO: 6054157, CÓDIGO: 6111677, CÓDIGO: 6054190"
'1623754',VC-IGUATU','43067356000155',1,1,0,0,"CÓDIGO: 6187345, CÓDIGO: 6111677"
'1621980',VC-IJUI','11380954000193',2,3,0,0,"CÓDIGO: 6054186, CÓDIGO: 6054204, CÓDIGO: 6111677, CÓDIGO: 6054190, CÓDIGO: 6054205"
'1631106',VC-ILHEUS-ITABUNA','43190860000148',1,2,0,0,"CÓDIGO: 6161835, CÓDIGO: 6111677, CÓDIGO: 6054178"
'1644207',VC-IMPERATRIZ','44814271000156',0,2,0,0,"CÓDIGO: 6111677, CÓDIGO: 6054178"
'1607406',VC-IPORA','41672912000197',0,2,0,1,"CÓDIGO: 6135560, CÓDIGO: 6111677, CÓDIGO: 6135561"
'1625669',VC-IPU','37657205000154',1,1,0,0,"CÓDIGO: 6187345, CÓDIGO: 6111677"
'1569690',VC-IRATI','12613869000190',1,2,0,0,"CÓDIGO: 6054186, CÓDIGO: 6111677, CÓDIGO: 6054190"
'1591831',VC-IRECE','35592489000112',1,2,0,0,"CÓDIGO: 6161835, CÓDIGO: 6111677, CÓDIGO: 6054178"
'1633927',VC-ITABAIANA','33040368000132',0,2,0,0,"CÓDIGO: 6054188, CÓDIGO: 6111677"
'1626627',VC-ITABERABA','43471962000131',1,2,0,0,"CÓDIGO: 6161835, CÓDIGO: 6111677, CÓDIGO: 6054178"
'1650933',VC-ITACOATIARA','21921392000100',0,2,0,1,"CÓDIGO: 8020791, CÓDIGO: 6111677, CÓDIGO: 8018790"
'1566671',VC-ITAGUAI','17264713000165',2,2,0,1,"CÓDIGO: 6187067, CÓDIGO: 6112143, CÓDIGO: 6187066, CÓDIGO: 6111677, CÓDIGO: 6162599"
'1635861',VC-ITAITUBA','43830618000191',0,2,0,1,"CÓDIGO: 6165750, CÓDIGO: 6111677, CÓDIGO: 6132938"
'1638131',VC-ITAJAI','41830788000140',1,3,0,0,"CÓDIGO: 6054186, CÓDIGO: 6111677, CÓDIGO: 6054190, CÓDIGO: 6054205"
'1632852',VC-ITAJUBA','37075048000179',0,2,0,0,"CÓDIGO: 6165750, CÓDIGO: 6111677"
'1527471',VC-ITAMARACA','16432842000152',1,2,0,0,"CÓDIGO: 6161835, CÓDIGO: 6054188, CÓDIGO: 6111677"
'1650873',VC-ITANHAEM','41163477000175',1,2,0,1,"CÓDIGO: 6054172, CÓDIGO: 6111677, CÓDIGO: 6054180, CÓDIGO: 6135552"
'1627079',VC-ITAPARICA','41784336000170',1,2,0,0,"CÓDIGO: 6161835, CÓDIGO: 6111677, CÓDIGO: 6054178"
'1646909',VC-ITAPECERICA SERR','43145458000141',1,2,0,1,"CÓDIGO: 6054172, CÓDIGO: 6111677, CÓDIGO: 6054180, CÓDIGO: 6135552"
'1633199',VC-ITAPECURU MIRIM','21794127000108',1,1,0,0,"CÓDIGO: 6187345, CÓDIGO: 6111677"
'1620516',VC-ITAPEMIRIM','23612557000189',0,2,0,1,"CÓDIGO: 6187066, CÓDIGO: 6111677, CÓDIGO: 6162599"
'1610303',VC-ITAPERUNA','13413580000190',0,2,0,1,"CÓDIGO: 6187066, CÓDIGO: 6111677, CÓDIGO: 6162599"
'1629613',VC-ITAPETINGA','28254675000186',1,2,0,0,"CÓDIGO: 6161835, CÓDIGO: 6111677, CÓDIGO: 6054178"
'1556870',VC-ITAPETININGA','24798411000132',1,2,0,1,"CÓDIGO: 6054172, CÓDIGO: 6111677, CÓDIGO: 6054180, CÓDIGO: 6135552"
'1638258',VC-ITAPEVA','29314741000129',1,2,0,1,"CÓDIGO: 6054172, CÓDIGO: 6111677, CÓDIGO: 6054180, CÓDIGO: 6135552"
'1628637',VC-ITAPIPOCA','29143863000361',1,1,0,0,"CÓDIGO: 6187345, CÓDIGO: 6111677"
'1628637',VC-ITAPORANGA','29143863000361',1,1,0,0,"CÓDIGO: 6187345, CÓDIGO: 6111677"
'1649231',VC-ITUIUTABA','35593905000105',1,2,0,0,"CÓDIGO: 6172139, CÓDIGO: 6165750, CÓDIGO: 6111677"
'1541025',VC-ITUPORANGA','28335994000116',1,2,0,0,"CÓDIGO: 6054186, CÓDIGO: 6111677, CÓDIGO: 6054205"
'1645058',VC-ITUVERAVA','19667248000139',0,2,0,0,"CÓDIGO: 6165750, CÓDIGO: 6111677"
'1540917',VC-IVAIPORA','34455112000159',1,2,0,0,"CÓDIGO: 6054186, CÓDIGO: 6111677, CÓDIGO: 6054190"
'1628689',VC-JABOTICABAL','24041066000198',1,2,0,0,"CÓDIGO: 6172139, CÓDIGO: 6165750, CÓDIGO: 6111677"
'1615119',VC-JACAREZINHO','34497911000198',1,3,0,0,"CÓDIGO: 6054186, CÓDIGO: 6111677, CÓDIGO: 6054190, CÓDIGO: 6054180"
'1626346',VC-JACOBINA','41765099000108',1,2,0,0,"CÓDIGO: 6161835, CÓDIGO: 6111677, CÓDIGO: 6054178"
'1197409',VC-JAGUARAO','10558357000143',1,2,0,0,"CÓDIGO: 6054204, CÓDIGO: 6111677, CÓDIGO: 6054205"
'1194122',VC-JAGUARIAIVA','10544936000137',1,2,0,0,"CÓDIGO: 6054186, CÓDIGO: 6111677, CÓDIGO: 6054190"
'1569727',VC-JALAPAO','07296786000185',0,2,0,0,"CÓDIGO: 6111677, CÓDIGO: 6054158"
'1635147',VC-JALES','31120726000191',1,2,0,0,"CÓDIGO: 6172139, CÓDIGO: 6165750, CÓDIGO: 6111677"
'1606742',VC-JAPARATUBA','15190486000145',1,2,0,0,"CÓDIGO: 6161835, CÓDIGO: 6111677, CÓDIGO: 6054178"
'1617511',VC-JAU','23467980000132',1,2,0,1,"CÓDIGO: 6054172, CÓDIGO: 6111677, CÓDIGO: 6054180, CÓDIGO: 6135552"
'1629665',VC-JAURU','33270996000104',1,3,0,1,"CÓDIGO: 6054184, CÓDIGO: 6054187, CÓDIGO: 6165750, CÓDIGO: 6111677, CÓDIGO: 6132938"
'1645416',VC-JEQUIE','30019393000146',1,2,0,0,"CÓDIGO: 6161835, CÓDIGO: 6111677, CÓDIGO: 6054178"
'1636866',VC-JEREMOABO','16543216000133',1,2,0,0,"CÓDIGO: 6161835, CÓDIGO: 6111677, CÓDIGO: 6054178"
'1649085',VC-JI-PARANA','44843466000124',1,3,0,1,"CÓDIGO: 6054184, CÓDIGO: 6120895, CÓDIGO: 6165750, CÓDIGO: 6111677, CÓDIGO: 6132938"
'1614839',VC-JOACABA','40696748000195',1,3,0,0,"CÓDIGO: 6054186, CÓDIGO: 6111677, CÓDIGO: 6054190, CÓDIGO: 6054205"
'1630978',VC-JOAO PESSOA','39539318000180',1,2,0,0,"CÓDIGO: 6161835, CÓDIGO: 6054188, CÓDIGO: 6111677"
'1646095',VC-JOINVILLE','35779912000198',1,3,0,0,"CÓDIGO: 6054186, CÓDIGO: 6111677, CÓDIGO: 6054190, CÓDIGO: 6054205"
'1576465',VC-JUAZEIRO','33545512000192',1,2,0,0,"CÓDIGO: 6161835, CÓDIGO: 6111677, CÓDIGO: 6054178"
'1643219',VC-JUIZ DE FORA','21526470000163',0,2,0,0,"CÓDIGO: 6187066, CÓDIGO: 6111677"
'1635998',VC-JUNDIAI','28997644000115',1,3,0,1,"CÓDIGO: 6054172, CÓDIGO: 6165750, CÓDIGO: 6111677, CÓDIGO: 6054180, CÓDIGO: 6135552"
'1543280',VC-LAGOS','21251362000125',2,2,0,1,"CÓDIGO: 6187067, CÓDIGO: 6112143, CÓDIGO: 6187066, CÓDIGO: 6111677, CÓDIGO: 6162599"
'1201134',VC-LAJEADO-ESTRELA','94853876000124',1,2,0,0,"CÓDIGO: 6054204, CÓDIGO: 6111677, CÓDIGO: 6054205"
'1522880',VC-LAPA','31395654000195',0,2,0,0,"CÓDIGO: 6111677, CÓDIGO: 6054190"
'1641844',VC-LENCOIS MARANHEN','11162624000555',1,1,0,0,"CÓDIGO: 6187345, CÓDIGO: 6111677"
'1267664',VC-LI CAMOCI E ACAR','10400184000130',1,1,0,0,"CÓDIGO: 6187345, CÓDIGO: 6111677"
'1631131',VC-LIMEIRA','43391122000169',2,3,0,0,"CÓDIGO: 6172139, CÓDIGO: 6054172, CÓDIGO: 6165750, CÓDIGO: 6111677, CÓDIGO: 6054180"
'1615755',VC-LINHARES','69005858000145',0,2,0,1,"CÓDIGO: 6187066, CÓDIGO: 6111677, CÓDIGO: 6162599"
'1643786',VC-LINS','78457454000183',1,3,0,0,"CÓDIGO: 6054172, CÓDIGO: 6165750, CÓDIGO: 6111677, CÓDIGO: 6054180"
'1645648',VC-LIT NTE ALAGOANO','42817782000104',1,2,0,0,"CÓDIGO: 6161835, CÓDIGO: 6111677, CÓDIGO: 6054178"
'1592337',VC-LIT OCID MARANHE','35555222000155',1,1,0,0,"CÓDIGO: 6187345, CÓDIGO: 6111677"
'1554064',VC-LITORAL ARACATI','20839372000113',0,1,0,0,CÓDIGO: 6111677
'1645559',VC-LITORAL LAGUNAR','24863231000197',1,2,0,0,"CÓDIGO: 6054204, CÓDIGO: 6111677, CÓDIGO: 6054205"
'1634124',VC-LITORAL NORTE','43453062000161',0,2,0,0,"CÓDIGO: 6054188, CÓDIGO: 6111677"
'1645310',VC-LITORAL PIAUIENS','37972053000184',1,1,0,0,"CÓDIGO: 6187345, CÓDIGO: 6111677"
'1546070',VC-LITORAL SUL (PB)','34366578000188',1,3,0,0,"CÓDIGO: 6161835, CÓDIGO: 6054188, CÓDIGO: 6111677, CÓDIGO: 6054178"
'1605012',VC-LITORAL SUL (RN)','41516582000140',1,2,0,0,"CÓDIGO: 6161835, CÓDIGO: 6054188, CÓDIGO: 6111677"
'1628875',VC-LONDRINA','22849232000151',1,2,0,0,"CÓDIGO: 6054186, CÓDIGO: 6111677, CÓDIGO: 6054190"
'1628773',VC-MACACU-CACERIBU','34284401000132',2,2,0,1,"CÓDIGO: 6187067, CÓDIGO: 6112143, CÓDIGO: 6187066, CÓDIGO: 6111677, CÓDIGO: 6162599"
'1532882',VC-MACAE','31199466000191',1,2,0,1,"CÓDIGO: 6112143, CÓDIGO: 6187066, CÓDIGO: 6111677, CÓDIGO: 6162599"
'1514716',VC-MACAIBA','13097272000101',1,2,0,0,"CÓDIGO: 6161835, CÓDIGO: 6054188, CÓDIGO: 6111677"
'1627736',VC-MACAPA','28839854000185',0,2,0,0,"CÓDIGO: 6111677, CÓDIGO: 6054178"
'1632361',VC-MACEIO','42962930000176',1,3,0,0,"CÓDIGO: 6161835, CÓDIGO: 6054188, CÓDIGO: 6111677, CÓDIGO: 6054178"
'1649381',VC-MADEIRA','19758842000569',0,3,0,1,"CÓDIGO: 6120895, CÓDIGO: 8020791, CÓDIGO: 6111677, CÓDIGO: 8018790"
'1640502',VC-MANAUS','41825558000193',0,3,0,0,"CÓDIGO: 6180473, CÓDIGO: 6111677, CÓDIGO: 6187022"
'1626435',VC-MANHUACU','43448342000181',0,2,0,1,"CÓDIGO: 6187066, CÓDIGO: 6111677, CÓDIGO: 6162599"
'1514803',VC-MARABA','63873012000140',0,1,0,1,"CÓDIGO: 6111677, CÓDIGO: 6160545"
'1614983',VC-MARILIA','04846880000172',1,3,0,0,"CÓDIGO: 6054186, CÓDIGO: 6111677, CÓDIGO: 6054190, CÓDIGO: 6054180"
'1639963',VC-MARINGA','40945626000195',1,3,0,0,"CÓDIGO: 6054186, CÓDIGO: 6111677, CÓDIGO: 6054178, CÓDIGO: 6054190"
'1507451',VC-MATA ALAGOANA','12662186000123',1,2,0,0,"CÓDIGO: 6161835, CÓDIGO: 6111677, CÓDIGO: 6054178"
'1625451',VC-MED PARNAI PIAUI','21791704000108',1,1,0,0,"CÓDIGO: 6187345, CÓDIGO: 6111677"
'1650443',VC-MEDIO ARAGUAIA','06204909000148',1,3,0,1,"CÓDIGO: 6054184, CÓDIGO: 6135560, CÓDIGO: 6054187, CÓDIGO: 6111677, CÓDIGO: 6132938"
'1597534',VC-MEDIO CAPIBARIBE','19260316000140',1,3,0,0,"CÓDIGO: 6161835, CÓDIGO: 6054188, CÓDIGO: 6111677, CÓDIGO: 6054178"
'1646926',VC-MEDIO CURU','40414564000195',1,1,0,0,"CÓDIGO: 6187345, CÓDIGO: 6111677"
'1628574',VC-MEDIO MEARIM','33443356000159',1,1,0,0,"CÓDIGO: 6187345, CÓDIGO: 6111677"
'1641121',VC-MEIA PONTE','23801523000132',1,2,0,0,"CÓDIGO: 6172311, CÓDIGO: 6135560, CÓDIGO: 6111677"
'1616210',VC-MERUOCA','38400771000149',1,1,0,0,"CÓDIGO: 6187345, CÓDIGO: 6111677"
'1649808',VC-MIRACEMA TOCANTI','45153055000170',0,2,0,1,"CÓDIGO: 6111677, CÓDIGO: 6054158, CÓDIGO: 6160545"
'1647979',VC-MOJI DAS CRUZES','22861820000100',1,3,0,1,"CÓDIGO: 6054172, CÓDIGO: 6187066, CÓDIGO: 6111677, CÓDIGO: 6054180, CÓDIGO: 6135552"
'1623678',VC-MOJI-MIRIM','35079908000206',2,3,0,0,"CÓDIGO: 6172139, CÓDIGO: 6054172, CÓDIGO: 6165750, CÓDIGO: 6111677, CÓDIGO: 6054180"
'1632011',VC-MONTANHA','21345166000110',0,2,0,0,"CÓDIGO: 6187066, CÓDIGO: 6111677"
'1629847',VC-MONTENEGRO','42449178000164',1,2,0,0,"CÓDIGO: 6054204, CÓDIGO: 6111677, CÓDIGO: 6054205"
'1639670',VC-MOSSORO','44254094000109',1,1,0,0,"CÓDIGO: 6187345, CÓDIGO: 6111677"
'1601151',VC-MTA MERID PERNAM','30895373000139',1,3,0,0,"CÓDIGO: 6161835, CÓDIGO: 6054188, CÓDIGO: 6111677, CÓDIGO: 6054178"
'1524364',VC-MTA SETEN PERNAM','16432842000152',0,2,0,0,"CÓDIGO: 6054188, CÓDIGO: 6111677"
'1519644',VC-N SENHORA DORES','22491677000102',1,2,0,0,"CÓDIGO: 6161835, CÓDIGO: 6111677, CÓDIGO: 6054178"
'1505237',VC-NAO-ME-TOQUE','91495549008991',1,3,0,0,"CÓDIGO: 6054186, CÓDIGO: 6111677, CÓDIGO: 6054190, CÓDIGO: 6054205"
'1631804',VC-NATAL','33494553000105',1,2,0,0,"CÓDIGO: 6161835, CÓDIGO: 6054188, CÓDIGO: 6111677"
'1629353',VC-NHANDEARA','41824783000105',1,2,0,0,"CÓDIGO: 6172139, CÓDIGO: 6165750, CÓDIGO: 6111677"
'1520860',VC-NORTE ARAGUAIA','28302504000185',1,3,0,1,"CÓDIGO: 6054184, CÓDIGO: 6135560, CÓDIGO: 6054187, CÓDIGO: 6111677, CÓDIGO: 6132938"
'1624983',VC-NOVA ANDRADINA','36779877000170',0,3,0,0,"CÓDIGO: 6165750, CÓDIGO: 6111677, CÓDIGO: 6054190"
'1562507',VC-NOVA FRIBURGO','17588407000184',2,2,0,1,"CÓDIGO: 6187067, CÓDIGO: 6112143, CÓDIGO: 6187066, CÓDIGO: 6111677, CÓDIGO: 6162599"
'1453296',VC-NOVA VENECIA','39376280000172',0,2,0,0,"CÓDIGO: 6187066, CÓDIGO: 6111677"
'1628265',VC-NOVO HORIZONTE','43287674000121',1,2,0,0,"CÓDIGO: 6172139, CÓDIGO: 6165750, CÓDIGO: 6111677"
'1465701',VC-OBIDOS','20539491000150',0,2,0,0,"CÓDIGO: 6111677, CÓDIGO: 6054178"
'1465701',VC-OIAPOQUE','20539491000150',0,2,0,0,"CÓDIGO: 6111677, CÓDIGO: 6054178"
'1648063',VC-OSASCO','52637311000321',1,3,0,0,"CÓDIGO: 6054172, CÓDIGO: 6187066, CÓDIGO: 6111677, CÓDIGO: 6054180"
'1632961',VC-OSORIO','42994860000138',1,2,0,0,"CÓDIGO: 6054204, CÓDIGO: 6111677, CÓDIGO: 6054205"
'1634985',VC-OURINHOS','20205619000140',1,3,0,0,"CÓDIGO: 6054186, CÓDIGO: 6111677, CÓDIGO: 6054190, CÓDIGO: 6054180"
'1600786',VC-PACAJUS','23726979000185',1,2,0,0,"CÓDIGO: 6187345, CÓDIGO: 6111677, CÓDIGO: 6185568"
'1637471',VC-PAJEU','39610317000185',1,3,0,0,"CÓDIGO: 6161835, CÓDIGO: 6054188, CÓDIGO: 6111677, CÓDIGO: 6054178"
'1551546',VC-PALMAS','81750697000110',1,3,0,0,"CÓDIGO: 6054186, CÓDIGO: 6111677, CÓDIGO: 6054190, CÓDIGO: 6054205"
'1632378',VC-PALMEIRA INDIOS','41362473000116',1,2,0,0,"CÓDIGO: 6161835, CÓDIGO: 6111677, CÓDIGO: 6054178"
'1541887',VC-PARAGOMINAS','15808725000188',0,1,0,0,CÓDIGO: 6111677
'1549752',VC-PARAIB/PARAITING','11186872000102',0,2,0,1,"CÓDIGO: 6111677, CÓDIGO: 6054180, CÓDIGO: 6135552"
'1640916',VC-PARANAGUA','09236459000163',1,2,0,0,"CÓDIGO: 6054186, CÓDIGO: 6111677, CÓDIGO: 6054190"
'1650701',VC-PARANAIBA','43205660000111',0,3,0,0,"CÓDIGO: 6135560, CÓDIGO: 6165750, CÓDIGO: 6111677"
'1626928',VC-PARANATINGA','75911438001798',1,2,0,1,"CÓDIGO: 6054184, CÓDIGO: 6054187, CÓDIGO: 6111677, CÓDIGO: 6132938"
'1635267',VC-PARANAVAI','30587294000160',1,2,0,0,"CÓDIGO: 6054186, CÓDIGO: 6111677, CÓDIGO: 6054190"
'1626842',VC-PARAUAPEBAS','23732026000120',0,1,0,1,"CÓDIGO: 6111677, CÓDIGO: 6160545"
'1641606',VC-PARECIS','43941971000149',1,3,0,1,"CÓDIGO: 6054184, CÓDIGO: 6054187, CÓDIGO: 6165750, CÓDIGO: 6111677, CÓDIGO: 6132938"
'1638308',VC-PARINTINS','21256803000181',0,2,0,1,"CÓDIGO: 8020791, CÓDIGO: 6111677, CÓDIGO: 8018790"
'1648437',VC-PASSO FUNDO','18175803000142',1,3,0,0,"CÓDIGO: 6054186, CÓDIGO: 6111677, CÓDIGO: 6054190, CÓDIGO: 6054205"
'1552399',VC-PASSOS','32540401000120',1,2,0,0,"CÓDIGO: 6172139, CÓDIGO: 6165750, CÓDIGO: 6111677"
'1622290',VC-PATO BRANCO','00190192000146',1,2,0,0,"CÓDIGO: 6054186, CÓDIGO: 6111677, CÓDIGO: 6054190"
'1644605',VC-PATOS','33040368000132',0,2,0,0,"CÓDIGO: 6054188, CÓDIGO: 6111677"
'1570003',VC-PATOS DE MINAS','27231779000102',0,1,0,0,CÓDIGO: 6111677
'1532742',VC-PATROCINIO','26962434000166',0,2,0,0,"CÓDIGO: 6165750, CÓDIGO: 6111677"
'1596875',VC-PAU DOS FERROS','40139526000171',0,1,0,0,CÓDIGO: 6111677
'1641451',VC-PAULO AFONSO','11510931000156',1,2,0,0,"CÓDIGO: 6161835, CÓDIGO: 6111677, CÓDIGO: 6054178"
'1640345',VC-PELOTAS','94301512000808',1,2,0,0,"CÓDIGO: 6054204, CÓDIGO: 6111677, CÓDIGO: 6054205"
'1485195',VC-PENEDO','08423048000114',1,2,0,0,"CÓDIGO: 6161835, CÓDIGO: 6111677, CÓDIGO: 6054178"
'1615059',VC-PETROLINA','41003343000197',1,2,0,0,"CÓDIGO: 6161835, CÓDIGO: 6111677, CÓDIGO: 6054178"
'1627821',VC-PIANCO','40493186000182',0,2,0,0,"CÓDIGO: 6054188, CÓDIGO: 6111677"
'1642127',VC-PICOS','37739155000154',2,2,0,0,"CÓDIGO: 6161835, CÓDIGO: 6187345, CÓDIGO: 6111677, CÓDIGO: 6054178"
'1489316',VC-PIEDADE','30963218000102',1,2,0,1,"CÓDIGO: 6054172, CÓDIGO: 6111677, CÓDIGO: 6054180, CÓDIGO: 6135552"
'1638276',VC-PINDARE','29794683000188',1,2,0,0,"CÓDIGO: 6187345, CÓDIGO: 6111677, CÓDIGO: 6054178"
'1648799',VC-PIO IX','43940813000174',1,2,0,0,"CÓDIGO: 6161835, CÓDIGO: 6111677, CÓDIGO: 6054178"
'1628235',VC-PIRACICABA','19668644000180',1,3,0,1,"CÓDIGO: 6054172, CÓDIGO: 6165750, CÓDIGO: 6111677, CÓDIGO: 6054180, CÓDIGO: 6135552"
'1645027',VC-PIRASSUNUNGA','43645758000190',1,2,0,0,"CÓDIGO: 6172139, CÓDIGO: 6165750, CÓDIGO: 6111677"
'1532362',VC-PIRES DO RIO','37020260000139',0,2,0,2,"CÓDIGO: 6135560, CÓDIGO: 6111677, CÓDIGO: 6135561, CÓDIGO: 6132939"
'1558484',VC-PITANGA','32171114000190',0,2,0,0,"CÓDIGO: 6111677, CÓDIGO: 6054190"
'1618185',VC-POCOS DE CALDAS','41256599000106',0,3,0,0,"CÓDIGO: 6165750, CÓDIGO: 6111677, CÓDIGO: 6054180"
'1595667',VC-PONTA GROSSA','27138363000144',1,3,0,0,"CÓDIGO: 6054186, CÓDIGO: 6111677, CÓDIGO: 6054190, CÓDIGO: 6054180"
'1645529',VC-PORANGATU','35195340000108',0,2,0,0,"CÓDIGO: 6135560, CÓDIGO: 6111677"
'1398852',VC-PORECATU','15367149000180',1,2,0,0,"CÓDIGO: 6054186, CÓDIGO: 6111677, CÓDIGO: 6054190"
'1398852',VC-PORTEL','15367149000180',1,2,0,0,"CÓDIGO: 6054186, CÓDIGO: 6111677, CÓDIGO: 6054190"
'1640631',VC-PORTO ALEGRE','42503385000150',1,2,0,0,"CÓDIGO: 6054204, CÓDIGO: 6111677, CÓDIGO: 6054205"
'1189281',VC-PORTO FRANCO','08433250000127',0,2,0,0,"CÓDIGO: 6111677, CÓDIGO: 6054178"
'1228799',VC-PORTO NACIONAL','10625553000193',0,2,0,1,"CÓDIGO: 6111677, CÓDIGO: 6054158, CÓDIGO: 6160545"
'1637019',VC-PORTO SEGURO','42030313000132',1,2,0,0,"CÓDIGO: 6161835, CÓDIGO: 6111677, CÓDIGO: 6054178"
'1642276',VC-PORTO VELHO','44769844000177',0,4,0,1,"CÓDIGO: 6054187, CÓDIGO: 6120895, CÓDIGO: 6165750, CÓDIGO: 6111677, CÓDIGO: 6132938"
'1601755',VC-POUSO ALEGRE','41385114000184',1,2,0,0,"CÓDIGO: 6172139, CÓDIGO: 6165750, CÓDIGO: 6111677"
'1627575',VC-PRESIDE PRUDENTE','38247195000141',1,2,0,1,"CÓDIGO: 6054172, CÓDIGO: 6111677, CÓDIGO: 6054180, CÓDIGO: 6135552"
'1649622',VC-PRESIDENTE DUTRA','45159261000197',1,1,0,0,"CÓDIGO: 6187345, CÓDIGO: 6111677"
'1626448',VC-PRIMAVERA LESTE','28061824000190',1,2,0,1,"CÓDIGO: 6054184, CÓDIGO: 6054187, CÓDIGO: 6111677, CÓDIGO: 6132938"
'1625415',VC-PROPRIA','37273566000105',1,2,0,0,"CÓDIGO: 6161835, CÓDIGO: 6111677, CÓDIGO: 6054178"
'1633673',VC-PRUDENTOPOLIS','11380954000193',0,2,0,0,"CÓDIGO: 6111677, CÓDIGO: 6054190"
'1630994',VC-QUIRINOPOLIS','40932866000155',0,2,0,1,"CÓDIGO: 6135560, CÓDIGO: 6111677, CÓDIGO: 6135561"
'1627227',VC-RECIFE','40166451000118',1,3,0,0,"CÓDIGO: 6161835, CÓDIGO: 6054188, CÓDIGO: 6111677, CÓDIGO: 6054178"
'1620351',VC-REDENCAO','23732026000120',0,3,0,1,"CÓDIGO: 6135560, CÓDIGO: 6111677, CÓDIGO: 6054178, CÓDIGO: 6160545"
'1649609',VC-REGISTRO','25126659000110',0,2,0,0,"CÓDIGO: 6111677, CÓDIGO: 6054180"
'1446938',VC-RESTINGA SECA','26181647000150',0,2,0,0,"CÓDIGO: 6111677, CÓDIGO: 6054205"
'1634715',VC-RIBEIRA D POMBAL','34375501000174',1,2,0,0,"CÓDIGO: 6161835, CÓDIGO: 6111677, CÓDIGO: 6054178"
'1649386',VC-RIBEIRAO PRETO','27101942000112',1,2,0,0,"CÓDIGO: 6172139, CÓDIGO: 6165750, CÓDIGO: 6111677"
'1641040',VC-RIO BRANCO','24627814000119',0,3,0,0,"CÓDIGO: 6120895, CÓDIGO: 6165750, CÓDIGO: 6111677"
'1562533',VC-RIO CLARO','12787111000179',2,3,0,0,"CÓDIGO: 6172139, CÓDIGO: 6054172, CÓDIGO: 6165750, CÓDIGO: 6111677, CÓDIGO: 6054180"
'1625534',VC-RIO DE JANEIRO','37181861000123',1,2,0,1,"CÓDIGO: 6187067, CÓDIGO: 6187066, CÓDIGO: 6111677, CÓDIGO: 6162599"
'1635721',VC-RIO DO SUL','11456823000142',1,3,0,0,"CÓDIGO: 6054186, CÓDIGO: 6111677, CÓDIGO: 6054190, CÓDIGO: 6054205"
'1549874',VC-RIO FORMOSO','31496683000143',0,2,0,0,"CÓDIGO: 6111677, CÓDIGO: 6054158"
'1549874',VC-RIO NEGRO (AM)','31496683000143',0,2,0,0,"CÓDIGO: 6111677, CÓDIGO: 6054158"
'1626286',VC-RIO NEGRO (PR)','42533575000110',1,2,0,0,"CÓDIGO: 6054186, CÓDIGO: 6111677, CÓDIGO: 6054190"
'1649915',VC-RIO PRETO DA EVA','21921392000100',0,2,0,1,"CÓDIGO: 8020791, CÓDIGO: 6111677, CÓDIGO: 8018790"
'1642832',VC-RIO VERMELHO','15006573000108',0,2,0,1,"CÓDIGO: 6135560, CÓDIGO: 6111677, CÓDIGO: 6135561"
'1587254',VC-RONDONOPOLIS','31092477000259',1,2,0,1,"CÓDIGO: 6054184, CÓDIGO: 6054187, CÓDIGO: 6111677, CÓDIGO: 6132938"
'1490846',VC-ROSARIO','15546442000105',1,1,0,0,"CÓDIGO: 6187345, CÓDIGO: 6111677"
'1584317',VC-ROSARIO OESTE','36081835000160',1,2,0,0,"CÓDIGO: 6054184, CÓDIGO: 6165750, CÓDIGO: 6111677"
'1627422',VC-S JOAO BOA VISTA','20025897000115',1,3,0,0,"CÓDIGO: 6172139, CÓDIGO: 6165750, CÓDIGO: 6111677, CÓDIGO: 6054180"
'1531569',VC-S JOAQUIM BARRA','22853076000100',1,2,0,0,"CÓDIGO: 6172139, CÓDIGO: 6165750, CÓDIGO: 6111677"
'1648017',VC-S JOSE CAMPOS','21450912000135',1,3,0,1,"CÓDIGO: 6054172, CÓDIGO: 6187066, CÓDIGO: 6111677, CÓDIGO: 6054180, CÓDIGO: 6135552"
'1626321',VC-S JOSE DO R PRET','27752797000130',1,3,0,0,"CÓDIGO: 6172139, CÓDIGO: 6165750, CÓDIGO: 6111677, CÓDIGO: 6054180"
'1515576',VC-S MIGUEL ARAGUAI','22728717000197',0,2,0,2,"CÓDIGO: 6135560, CÓDIGO: 6111677, CÓDIGO: 6135561, CÓDIGO: 6132939"
'1646218',VC-S MIGUEL CAMPOS','43246360000180',1,2,0,0,"CÓDIGO: 6161835, CÓDIGO: 6111677, CÓDIGO: 6054178"
'1605984',VC-S RAIMUNDO NONAT','69005858000145',1,2,0,0,"CÓDIGO: 6161835, CÓDIGO: 6111677, CÓDIGO: 6054178"
'1643708',VC-S SEBAST PARAISO','03969659000149',1,2,0,0,"CÓDIGO: 6172139, CÓDIGO: 6165750, CÓDIGO: 6111677"
'1629787',VC-SALGADO','40359723000104',0,2,0,0,"CÓDIGO: 6111677, CÓDIGO: 6054178"
'1650646',VC-SALGUEIRO','40406997000107',1,2,0,0,"CÓDIGO: 6161835, CÓDIGO: 6111677, CÓDIGO: 6054178"
'1650044',VC-SALVADOR','45289076000117',1,2,0,0,"CÓDIGO: 6161835, CÓDIGO: 6111677, CÓDIGO: 6054178"
'1634344',VC-SANANDUVA','42650992000142',1,3,0,0,"CÓDIGO: 6054186, CÓDIGO: 6111677, CÓDIGO: 6054190, CÓDIGO: 6054205"
'1551057',VC-SANTA CRUZ D SUL','94853876000124',1,2,0,0,"CÓDIGO: 6054204, CÓDIGO: 6111677, CÓDIGO: 6054205"
'1628424',VC-SANTA MARIA','38383020000161',1,2,0,0,"CÓDIGO: 6054204, CÓDIGO: 6111677, CÓDIGO: 6054205"
'1520889',VC-SANTA QUITERIA','26559544000181',1,1,0,0,"CÓDIGO: 6187345, CÓDIGO: 6111677"
'1546901',VC-SANTA ROSA','23982091000103',2,3,0,0,"CÓDIGO: 6054186, CÓDIGO: 6054204, CÓDIGO: 6111677, CÓDIGO: 6054190, CÓDIGO: 6054205"
'1497272',VC-SANTA TERESA','10584485000161',0,2,0,1,"CÓDIGO: 6187066, CÓDIGO: 6111677, CÓDIGO: 6162599"
'1637613',VC-SANTANA IPANEMA','38184066000151',1,2,0,0,"CÓDIGO: 6161835, CÓDIGO: 6111677, CÓDIGO: 6054178"
'1629990',VC-SANTAREM','18448592000174',0,1,0,0,CÓDIGO: 6111677
'1611953',VC-SANTIAGO','35998029000199',1,2,0,0,"CÓDIGO: 6054204, CÓDIGO: 6111677, CÓDIGO: 6054205"
'1637487',VC-SANTO ANGELO','43596644000105',2,3,0,0,"CÓDIGO: 6054186, CÓDIGO: 6054204, CÓDIGO: 6111677, CÓDIGO: 6054190, CÓDIGO: 6054205"
'1643231',VC-SANTOS','45477411000100',1,2,0,1,"CÓDIGO: 6054172, CÓDIGO: 6111677, CÓDIGO: 6054180, CÓDIGO: 6135552"
'1618053',VC-SAO BENTO DO SUL','28543752000118',1,2,0,0,"CÓDIGO: 6054186, CÓDIGO: 6111677, CÓDIGO: 6054190"
'1632351',VC-SAO CARLOS','34324047000122',1,2,0,0,"CÓDIGO: 6172139, CÓDIGO: 6165750, CÓDIGO: 6111677"
'1626856',VC-SAO FELIX XINGU','20502525000132',0,1,0,1,"CÓDIGO: 6111677, CÓDIGO: 6160545"
'1550138',VC-SAO JERONIMO','90377037000126',1,2,0,0,"CÓDIGO: 6054204, CÓDIGO: 6111677, CÓDIGO: 6054205"
'1525283',VC-SAO LOURENCO','16823213000153',0,2,0,0,"CÓDIGO: 6165750, CÓDIGO: 6111677"
'1539252',VC-SAO MATEUS','21454082000114',0,2,0,0,"CÓDIGO: 6187066, CÓDIGO: 6111677"
'1524649',VC-SAO MATEUS D SUL','32764705000171',0,2,0,0,"CÓDIGO: 6111677, CÓDIGO: 6054190"
'1633137',VC-SAO MIGUEL D EST','34425619000160',1,3,0,0,"CÓDIGO: 6054186, CÓDIGO: 6111677, CÓDIGO: 6054190, CÓDIGO: 6054205"
'1648253',VC-SAO PAULO','31157385000129',1,4,0,0,"CÓDIGO: 6054172, CÓDIGO: 6187066, CÓDIGO: 6165750, CÓDIGO: 6111677, CÓDIGO: 6054180"
'1607249',VC-SAPE','38848107000329',0,2,0,0,"CÓDIGO: 6054188, CÓDIGO: 6111677"
'1205087',VC-SEABRA','15102262000800',1,2,0,0,"CÓDIGO: 6161835, CÓDIGO: 6111677, CÓDIGO: 6054178"
'1556102',VC-SENA MADUREIRA','10385218000165',0,2,0,0,"CÓDIGO: 6120895, CÓDIGO: 6111677"
'1459910',VC-SENHOR DO BONFIM','22491677000102',1,2,0,0,"CÓDIGO: 6161835, CÓDIGO: 6111677, CÓDIGO: 6054178"
'1620892',VC-SERG SERT S FRAN','29250244000104',1,2,0,0,"CÓDIGO: 6161835, CÓDIGO: 6111677, CÓDIGO: 6054178"
'1620892',VC-SERID OCID PARAI','29250244000104',1,2,0,0,"CÓDIGO: 6161835, CÓDIGO: 6111677, CÓDIGO: 6054178"
'1447087',VC-SERR SERTA ALAGO','08724813000136',1,2,0,0,"CÓDIGO: 6161835, CÓDIGO: 6111677, CÓDIGO: 6054178"
'1168358',VC-SERRA D TEIXEIRA','06179739000199',0,2,0,0,"CÓDIGO: 6054188, CÓDIGO: 6111677"
'1637072',VC-SERRA DO PEREIRO','02171398000154',0,1,0,0,CÓDIGO: 6111677
'1507085',VC-SERRA SAO MIGUEL','06187079000198',1,1,0,0,"CÓDIGO: 6187345, CÓDIGO: 6111677"
'1646680',VC-SERRANA','41806564000101',2,2,0,1,"CÓDIGO: 6187067, CÓDIGO: 6112143, CÓDIGO: 6187066, CÓDIGO: 6111677, CÓDIGO: 6162599"
'1631069',VC-SERRANA QUILOMBO','43861583000158',1,2,0,0,"CÓDIGO: 6161835, CÓDIGO: 6111677, CÓDIGO: 6054178"
'1611985',VC-SERRAS DE SUDEST','33151137000104',1,2,0,0,"CÓDIGO: 6054204, CÓDIGO: 6111677, CÓDIGO: 6054205"
'1626479',VC-SERRINHA','17252675000120',1,2,0,0,"CÓDIGO: 6161835, CÓDIGO: 6111677, CÓDIGO: 6054178"
'1535491',VC-SERT QUIXERAMOBI','33888437000162',1,1,0,0,"CÓDIGO: 6187345, CÓDIGO: 6111677"
'1419845',VC-SERTA SEN POMPEU','23549313000107',1,1,0,0,"CÓDIGO: 6187345, CÓDIGO: 6111677"
'1375816',VC-SERTAO D CRATEUS','17490507000173',0,1,0,0,CÓDIGO: 6111677
'1624910',VC-SERTAO DO MOXOTO','14423650000154',1,3,0,0,"CÓDIGO: 6161835, CÓDIGO: 6054188, CÓDIGO: 6111677, CÓDIGO: 6054178"
'1612606',VC-SINOP','41938922000121',1,3,0,1,"CÓDIGO: 6054184, CÓDIGO: 6054187, CÓDIGO: 6165750, CÓDIGO: 6111677, CÓDIGO: 6132938"
'1635697',VC-SOBRAL','42643881000109',1,1,0,0,"CÓDIGO: 6187345, CÓDIGO: 6111677"
'1529100',VC-SOLEDADE','11380954000193',0,3,0,0,"CÓDIGO: 6111677, CÓDIGO: 6054190, CÓDIGO: 6054205"
'1301442',VC-SOROCABA','12337360000162',1,2,0,1,"CÓDIGO: 6054172, CÓDIGO: 6111677, CÓDIGO: 6054180, CÓDIGO: 6135552"
'1301442',VC-SOUSA','12337360000162',1,2,0,1,"CÓDIGO: 6054172, CÓDIGO: 6111677, CÓDIGO: 6054180, CÓDIGO: 6135552"
'1626806',VC-ST ANTONIO JESUS','31439325000107',1,2,0,0,"CÓDIGO: 6161835, CÓDIGO: 6111677, CÓDIGO: 6054178"
'1628873',VC-ST ANTONIO PADUA','37221065000177',0,2,0,1,"CÓDIGO: 6187066, CÓDIGO: 6111677, CÓDIGO: 6162599"
'1650367',VC-STA MARIA VITORI','42741823000118',0,3,0,1,"CÓDIGO: 6135560, CÓDIGO: 8020800, CÓDIGO: 6111677, CÓDIGO: 8018790"
'1630049',VC-STA RITA SAPUCAI','39257906000121',0,2,0,0,"CÓDIGO: 6165750, CÓDIGO: 6111677"
'1634493',VC-SUAPE','42924799000152',1,2,0,0,"CÓDIGO: 6161835, CÓDIGO: 6054188, CÓDIGO: 6111677"
'1642201',VC-SUDOESTE DE GOIA','02635833001045',2,2,0,0,"CÓDIGO: 6054184, CÓDIGO: 6172311, CÓDIGO: 6135560, CÓDIGO: 6111677"
'1542142',VC-TABULEIRO','28335994000116',0,3,0,0,"CÓDIGO: 6111677, CÓDIGO: 6054190, CÓDIGO: 6054205"
'1546874',VC-TANGARA DA SERRA','13281186000146',1,3,0,1,"CÓDIGO: 6054184, CÓDIGO: 6054187, CÓDIGO: 6165750, CÓDIGO: 6111677, CÓDIGO: 6132938"
'1608144',VC-TARAUACA','59225698001320',0,2,0,0,"CÓDIGO: 6120895, CÓDIGO: 6111677"
'1633457',VC-TATUI','19408667000407',1,2,0,1,"CÓDIGO: 6054172, CÓDIGO: 6111677, CÓDIGO: 6054180, CÓDIGO: 6135552"
'1545459',VC-TELEMACO BORBA','32385540000127',1,2,0,0,"CÓDIGO: 6054186, CÓDIGO: 6111677, CÓDIGO: 6054190"
'1650291',VC-TERESINA','27993461000169',1,1,0,0,"CÓDIGO: 6187345, CÓDIGO: 6111677"
'1524826',VC-TESOURO','13858125000107',1,2,0,1,"CÓDIGO: 6054184, CÓDIGO: 6054187, CÓDIGO: 6111677, CÓDIGO: 6132938"
'1529840',VC-TIJUCAS','15609494000183',1,3,0,0,"CÓDIGO: 6054186, CÓDIGO: 6111677, CÓDIGO: 6054190, CÓDIGO: 6054205"
'1648671',VC-TOBIAS BARRETO','44553726000127',1,2,0,0,"CÓDIGO: 6161835, CÓDIGO: 6111677, CÓDIGO: 6054178"
'1647557',VC-TOLEDO','45193186000180',1,2,0,0,"CÓDIGO: 6054186, CÓDIGO: 6111677, CÓDIGO: 6054190"
'1553294',VC-TOME-ACU','18785185000152',0,2,0,0,"CÓDIGO: 6111677, CÓDIGO: 6054178"
'1500317',VC-TRAIPU','14582505000116',1,2,0,0,"CÓDIGO: 6161835, CÓDIGO: 6111677, CÓDIGO: 6054178"
'1624286',VC-TRES LAGOAS','28923663000288',0,4,0,0,"CÓDIGO: 6054157, CÓDIGO: 6054187, CÓDIGO: 6165750, CÓDIGO: 6111677"
'1601426',VC-TRES PASSOS','97320451010968',1,3,0,0,"CÓDIGO: 6054186, CÓDIGO: 6111677, CÓDIGO: 6054190, CÓDIGO: 6054205"
'1632819',VC-TRES RIOS','31199466000191',0,2,0,0,"CÓDIGO: 6187066, CÓDIGO: 6111677"
'1634790',VC-TUBARAO','06983760000142',1,2,0,0,"CÓDIGO: 6054186, CÓDIGO: 6111677, CÓDIGO: 6054205"
'1528424',VC-TUCURUI','23732026000120',0,1,0,1,"CÓDIGO: 6111677, CÓDIGO: 6160545"
'1473435',VC-TUPA','28963616000187',1,2,0,1,"CÓDIGO: 6054172, CÓDIGO: 6111677, CÓDIGO: 6054180, CÓDIGO: 6135552"
'1627657',VC-UBA','43364978000145',0,2,0,1,"CÓDIGO: 6187066, CÓDIGO: 6111677, CÓDIGO: 6162599"
'1646947',VC-UBERABA','35287727000186',1,2,0,0,"CÓDIGO: 6172139, CÓDIGO: 6165750, CÓDIGO: 6111677"
'1626878',VC-UBERLANDIA','41668840000104',1,2,0,0,"CÓDIGO: 6172139, CÓDIGO: 6165750, CÓDIGO: 6111677"
'1491256',VC-UMARIZAL','08746195000125',1,1,0,0,"CÓDIGO: 6187345, CÓDIGO: 6111677"
'1640381',VC-UMUARAMA','43744020000180',1,2,0,0,"CÓDIGO: 6054186, CÓDIGO: 6111677, CÓDIGO: 6054190"
'1535951',VC-UNAI','34448559000109',1,2,0,0,"CÓDIGO: 6172311, CÓDIGO: 6135560, CÓDIGO: 6111677"
'1646903',VC-UNIAO DA VITORIA','44554940000106',0,2,0,0,"CÓDIGO: 6111677, CÓDIGO: 6054190"
'1595571',VC-URUBURETAMA','07707217000185',1,1,0,1,"CÓDIGO: 6187345, CÓDIGO: 6111677, CÓDIGO: 6160545"
'1051861',VC-VACARIA','90358920000179',1,2,0,0,"CÓDIGO: 6054204, CÓDIGO: 6111677, CÓDIGO: 6054205"
'1598123',VC-VALE DO ACU','15566952000144',1,1,0,0,"CÓDIGO: 6187345, CÓDIGO: 6111677"
'1635630',VC-VALE DO IPANEMA','44169513000104',1,3,0,0,"CÓDIGO: 6161835, CÓDIGO: 6054188, CÓDIGO: 6111677, CÓDIGO: 6054178"
'1592352',VC-VALE DO IPOJUCA','10230480003075',1,3,0,0,"CÓDIGO: 6161835, CÓDIGO: 6054188, CÓDIGO: 6111677, CÓDIGO: 6054178"
'1603799',VC-VALE PARAI FLUMI','34284834000198',2,2,0,1,"CÓDIGO: 6187067, CÓDIGO: 6112143, CÓDIGO: 6187066, CÓDIGO: 6111677, CÓDIGO: 6162599"
'1623901',VC-VALE R DOS BOIS','40706011000106',0,2,0,1,"CÓDIGO: 6135560, CÓDIGO: 6111677, CÓDIGO: 6135561"
'1630569',VC-VALENCA','41767437000213',1,2,0,0,"CÓDIGO: 6161835, CÓDIGO: 6111677, CÓDIGO: 6054178"
'1529703',VC-VALENCA DO PIAUI','24223714000127',1,1,0,0,"CÓDIGO: 6187345, CÓDIGO: 6111677"
'1556846',VC-VAO DO PARANA','20735589000183',0,2,0,2,"CÓDIGO: 6135560, CÓDIGO: 6111677, CÓDIGO: 6132939, CÓDIGO: 8020801"
'1613039',VC-VARGINHA','32536504000117',1,2,0,0,"CÓDIGO: 6172139, CÓDIGO: 6165750, CÓDIGO: 6111677"
'1627603',VC-VARZEA ALEGRE','41569794000196',2,1,0,0,"CÓDIGO: 6161835, CÓDIGO: 6187345, CÓDIGO: 6111677"
'1538652',VC-VASSOURAS','30017321000160',1,2,0,1,"CÓDIGO: 6112143, CÓDIGO: 6187066, CÓDIGO: 6111677, CÓDIGO: 6162599"
'1636714',VC-VICOSA','18999482000109',0,2,0,1,"CÓDIGO: 6187066, CÓDIGO: 6111677, CÓDIGO: 6162599"
'1645981',VC-VILHENA','35421080000133',1,3,0,1,"CÓDIGO: 6054184, CÓDIGO: 6054187, CÓDIGO: 6165750, CÓDIGO: 6111677, CÓDIGO: 6132938"
'1645056',VC-VITORIA','22080548000121',0,2,0,1,"CÓDIGO: 6187066, CÓDIGO: 6111677, CÓDIGO: 6162599"
'1630983',VC-VITORIA CONQUIST','29314741000129',1,2,0,0,"CÓDIGO: 6161835, CÓDIGO: 6111677, CÓDIGO: 6054178"
'1311941',VC-VITORIA ST ANTAO','15388400000193',1,3,0,0,"CÓDIGO: 6161835, CÓDIGO: 6054188, CÓDIGO: 6111677, CÓDIGO: 6054178"
'1605660',VC-VOTUPORANGA','32610320000150',1,2,0,0,"CÓDIGO: 6172139, CÓDIGO: 6165750, CÓDIGO: 6111677"
'1484690',VC-WESCESLAU BRAZ','14943846000170',1,3,0,0,"CÓDIGO: 6054186, CÓDIGO: 6111677, CÓDIGO: 6054190, CÓDIGO: 6054180"
'1625561',VC-XANXERE','81546988000190',1,3,0,0,"CÓDIGO: 6054186, CÓDIGO: 6111677, CÓDIGO: 6054190, CÓDIGO: 6054205"
